display_name,username
Momo Chiang|è”£æ‘¸æ‘¸,momochiangmomo
è‰¾é›ªè‰ Ashlee|ashlee.fans|ooo_ash_ooo|AshTvStudioè‰¾é›ªè‰æ„›ç©è¶£|ASH|AshTvStudio|,ooo_ash_ooo
"TEEPR äº®æ–°è|TEEPR,äº®å½±ç‰‡",teeprnews
Nyonyotvå¦å¦ï¼´ï¼¶| Nyonyo,nyonyotv
Misså¸ƒä¸,likecyndi
å¥³ç‹|é™³æ€¡åˆ©|illy|ä½œå®¶å¥³ç‹|Queen,illyqueen
Becca é™³å©·å©·,becca_ting
Nina|é„­ç¶º,nina_0111
backpackers.com.tw|èƒŒåŒ…å®¢æ£§,backpackers.com.tw
ä¸è¦é¬§ Stop Kiddin' Studio|ä¸è¦é¬§|Stop Kiddin' Studio|Stopkiddinstudio,stopkiddinstudio
AIKA MA é¦¬é‡‡å‡Œ|é¦¬é‡‡å‡Œ|aikavolcom|,aikavolcom
TEEPR å­å•¦å­å•¦ç ”ç©¶å®¤|balabala_lab,balabala_lab
é€™å°¾|bnlowei,bnlowei
é™³å°¹æŸ”Eva Chen|evachen0303,evachen0303
ğŸ¤æœå…’ğŸ¹,vient237
è©æåœ’è— Puti plant shop,puti.plants
æ¾æ¹–-æ˜¥ä¸Šæ‘å¢…,springvilla_bb
silver923|é»ƒå©·,silver923
å½¤,noreen28571s
Temmy|å‘¨ç’‡ç’‡|temmybibi,temmybibi
â™¥Elsaçš„å¹¸ç¦æ—…ç¨‹ï½ç¾é£Ÿ æ—…éŠ ç©¿æ­ ç”Ÿæ´»,elsaqueen817
York Li|york_li,york_li
Kristina Chiang.|kkchiang_,c.chiang213_
å°è‘‰,minghanya
AlbeeğŸ¤Kaziâ™¡ï½œé«˜é›„æ¥é«®ï½œéœ§æ„Ÿé«®è‰²ï½œé¬†è»Ÿç‡™,round2_albee
Radishæ«»æ¡ƒè˜¿è””çš„é³¥æœ‹å‹|radish_mybirdfriend,radish_mybirdfriend
HsinğŸ’œ,season_winter12
é»ƒå°ç´œ,huangsiaoyun
é„’ç‚ºä¹‹|Dr.Wilson|dr.wilsontsou,dr.wilsontsou
å‘¨æ¥·Kasper|inloner,inloner
Sarah | æ–œæ§“å¾‹å¸«|hisarahchang,hisarahchang
è»äº‹æ–°èé€šè¨Šç¤¾,mna_roc
ç³çµœ,linjie_____
å¼µè‰¾ç¦I-ki Singer KOL Foodie|iki_cheung,iki_cheung
royroyliuliu|åŠ‰çäº¦ï¼ˆæ³•ç™½Roy aka é™¸ä¼¯è¨€ï¼‰,royroyliuliu
ç« é­šç‡’ç‡’ğŸ™Shaoshao,shaoshao.o
å¼µç®æ­†|Carey Chang|peihsinchang_cc,peihsinchang_cc
ç³|lzk__161,akk_161
ç¾é­”å¥³èƒ¡æ–‡è‹±|èƒ¡æ–‡è‹±,paulina550308
å¨åˆ© Willy|è¨±è€€è¬™|willy0430,willy0430
å»–å‰åš|weipo_liao,weipo_liao
åœ‹éš›å…§ä¸–é¡|Insight Into Issues|insight_issues,insight_issues
Kai Chian|kai_chian,kai_chian
ä¸€ç·šä¸‰çš„æ—¥å¸¸|apolicedaily,apolicedaily
â„ï¸éœœéœœå…’â¤ï¸,happysuzy1924
ã®ã“/å°æ¹¾ãƒªã‚¢ãƒ«ãƒ©ã‚¤ãƒ•,noco_taiwan
Vi,h_y_w0918
æ³•Qå°å§ - Miss Hair Q|misshairq,misshairq
è˜‹æœå¦¹|Applemei|å°¤å† å°¹|applemei0914|è˜‹æœå¦¹ Applemei,applemei0914
P A V E L K R E S T I N|pavel_krestin|Broccoli Vlog|èŠ±æ¤°èœ,cryptobroccoli
å‚‘æ˜• UJC|ujcbinbin,broccolivlog
shiawshiaw  |è‰¾èŠ®çµ²,shiawshiaw
å”è–æ·|bebravejason,bebravejason
Poison2015,poison2015
ã„“å§¿ã„“å§¿ã„“|zizizi_1225,zizizi_1225
mariehime2014,mariehime2014
mars680|Mars Lin é¦¬æ–¯|æ—å˜‰ä¿Šmarslin,mars680
Woohoo VTG twğŸ¤,woohoo_vintage
æµ·å·¡ç‹—ç‹—,airtea428
åŠ‰ä¿ä½³ğŸ²,ligaliu
é»ƒèŠ³èª¼|claire12397,claire12397
æ”¿é»¨è¿·å› ,fridaylin555
a.flos_hm,a.flos_home
mirukupipi,mirukupipi
çŸ¢å£æ©‹|thankmilk|,thankmilk
Je.seed | æ¤æœ¨å¡å¡è¥¿ | Jessie,je.seed
ARON Â®,_aronshop_
Han|è˜‡æ¶µ|Sofia|è˜‡æ¶µ Sofia,sooooofia1994
è³£é‡‘çš„ç·¹ğŸŒŸ,titiyao_0124
momorepeach.,momore_peach
é…ªæ¢¨|_avocado__,_avocado__
chunnn.n|chun 1996,chunnn.n
å—åœ‹çš„å­©å­Susan,susanyeh312
á„Œá…¥á†¼,__yolo_96
Aa_sshop,aa_sshop
,doggo0114
å°¤èˆ â€¢Íˆá´—â€¢Íˆ,ichenchen222
è¬å…|Nick,nick_czhsieh
Nevertalk éŸ“åœ‹ç§˜å¯†ä¸€æŠŠæŠ“|å†·çŸ¥è­˜|éŸ“åœ‹ç§˜å¯†ä¸€æŠŠæŠ“|å°éŸ“æ··è¡€|nevertalk|éŸ“åœ‹|éŸ“åœ‹äºº|éŸ“åœ‹æ—…éŠ,nevertalk_kr
MJ STUDIO,mj_studio_music
Hiram Koffee|hikoffee,hikoffee
CoCo Lee Fanclub Taiwan,cocolee.tw
è‘µå‰›|é­å‰›|kueigang,kueigang
springtime_0321|æ˜¥é¢¨åé‡Œ ä¸å¦‚ä½ ,springtime_0321
å”¯ Wei|è¶…ç´šç”¯ç”¯|Amuuuuu|wei_chen6666|ã‚ã‚€ Amu|Man soup,wei_chen6666
JetJet0806|jetjet0806,jetjet0806
è¨±å°P Lil'P|lilphsu,lilphsu
é»‘ç™½å°å§ Miss B&W|bnnnnw,bnnnnw
Jim Huang,jimhuang_
æ¨‚ç­†|Sunlight,sunlight007_
ç‹å½™ç­‘ Hui Chu Wang,huichuwang
justin|dreambreakerz_justin|justin_peace26|,jnnncyuan
åšç¥¥ğŸŒŸ,dream_1042
MINDY æ•æ• Makeup|MINDY Makeup,mindyy_wang
sunathaniel|Nathaniel,sunathaniel
Vä»”,v.lenghan
æ–¹è–†,fine0629
ğ’®ğ“ğ“.â˜½âœ¨,s.yuenyiu
å‘‚å… Lu Yun|louielu0630_,louielu0630_
PinkFunå®˜æ–¹ig,pinkfun._.official
å®‰å®‰ MichelleğŸŒº,_anan.c
judychuthin|ç‡Ÿé¤Šå¸«æœ±ç‘å›çš„ç¶“ç‡Ÿè€…æ­·ç¨‹,judychuthin
â“½â“½ğŸ’‰|nurse.9.9,nurse.9.9
Muse*é™³å½¤å½¤,lovemuse_chen
ç†Šç¾š|xiong._,xiong._
å–µå–µ Melody|å–µå–µå–µå–µå–µ|melody.0601_ouo|,melody.0601_ouo
æ¥šæ¥š ï¼ˆå·´é€†é€†ï¼‰,adahung_822
é€™è£¡ä»€éº¼ä¹Ÿæ²’æœ‰|Nothing Here|nothing____0.0,nothinghere_yy
á´› á´€ è²·é¦™æ°´æ‰¾æˆ‘|sunny__b0112|,sunny__b0112
æå°å€¢ Miss Jeny|jennybaby0830|æå°å€¢|jenny,jennybaby0830
å¤§å¼·å°¼|big_johnny_chung,big_johnny_chung
INNOVISIONå„ªè¦–é”,innovisiontw
æ¨Šå…’|fanr,fanr.79
å°ç‘¾|Angela|å°ç‘¾~Angela,angela510510
Yi Wen Wang|yiiwenwang,yiiwenwang
CC,cc_0330k
ê¨„_ğµğ‘™ğ‘¢ğ‘’.è—ğŸŒ¸|__betty9077,__betty9077
Sandra|é„­ç¾½çœŸ|Sandra é„­ç¾½çœŸ,sandra.cyc
Choco tv,chocotvpm
Suman Huang,yellowanna
Uncle Sean|uncle.sean_fitness|UncleSeanFitness,uncle.sean_fitness
å¥èº«å¡æ³¢ Fitness Couple|datower|æŸ¯å“ç‘„|,datower
å°åƒé†«å¸«è¨ºæ‰€,1000vskin
Ching,chinglee0810
é»ƒç‘„å¸¶ä¾¿ç•¶ï½œä¸Šç­æ—æ¸›è„‚å¢è‚Œæ—¥å¸¸,huang_hsuan
åˆåˆ|Maisie|maisie21315,maisie21315
DanZ|memes_in_everydays|DanZ,memes_in_everydays
YuYing|ãƒ¦ã‚¤ã‚¤ãƒ¼ãƒ³|yuying_1203,yuying_1203
Tomoã®ç”Ÿæ´»æ‰‹è¨˜|åŠ è³€ç¾æ™ºä¹…|Tomo,tomo_0612_
æå®¥åˆ©YouliğŸ­,youli_1210
å¢¨å´´ Inkwei|inkwei0108|å¢¨å´´INk drew the Life.,iam1nkwei
å°¹å¬›The4s Art Tattoo Studioåˆºé’å·¥ä½œå®¤,the4s.tattoo
è‘µå“¥ / å¤§è‘µ / Cica,72405_
Zoey æŸ”ä¼Š|zoeyx318,zoeyx318
æš–æš–èŒèŒêª”Ì¤Ì®,nuanmon.cat
ä¼Šå…’ğˆğ¬ğšğŸŒ¹,qsooxb
Rimui|éŸ‹è˜ºè‹¥æ˜|rimuiyumin,rimuiyumin
è€å»¢è²“çš„æ—¥å¸¸ ï½œ æ’ç•«,cat_life_squarefish
Omelet|è›‹é¤…|omelet.pug,omelet.pug
Totoro the Cockatiel|totoro_cockatiel,totoro_cockatiel
æ­å¶å°¼+æ–°æ‰‹å¨˜è¦ªçš„è³´èŠ™|lloone_ne,lloone_ne
TPK Photography|cath_su_|,dr.cath_su_yoga
å…”å­|rabbit_handwrite|æ‰‹å¯«,rabbit_handwrite
ğ’®ğ’¾ğ’®ğ’¾ğŸ¦‹|Sisi,wh_dw_0512
ç±³å­èˆ’MeLoDy|ts_ems,ts_melody1101
miandbanban|å°å’ªå’Œç‰ çš„å¤¥ä¼´æ–‘æ–‘é»›é»›|å°å’ª|æ–‘æ–‘|é»›é»›,miandbanban
é«˜å‰è“,sonia_0929
â–ä¸‰ç‰²å·¥ä½œå®¤  Something Studio   â–,somethingstudiotaiwan
å•Ÿæ°‘,jimmy97713
å¼µå³»å¥|Jimmy Chang|å¥å¥|Jimmy|jimmy.c.c_photography|,jimmy.c.c_photography
å…”|èŠŠè¯,bf.0207
YUDA|_chiaoyu_95,chiaoyu_95
æ²ˆæ©–ğŸ§¡,sut.shen
MR. Pon-Chi,bonuslin
å’ªå’ª|MiMi|mimiphoto1205,mimiphoto1205
mookio é˜¿é»˜|mookio,mookio
Jiepow è™ç‰™å¦¹|å©•ç ²|Jie Chen,jiepow_tw
FujifilmTaiwan,fujifilm_taiwan
æ˜€ç’‡|leann0719,leann0719
å°ä¸­è‡ªç”±æ•™ç·´ï½œæ›¼æ›¼ç·´ï½œæ›¼æ›¼åƒ|mm_train_eat,mm_ifbbpro
KEYNO|keynocee,keynocee
è˜‡ç†™å–†|sooxuze,sooxuze
é»ƒå©·,227.tw
èŠ‹æ³¥ğŸ¤,taro__0920
ç·‹çµ²|faitis_126,faitis_126
çŠçŠã€‚33,loveuu0303
K,kelly.0111
ã‚‚ã‚‚ã‹å°æ‚ªé­”ğŸ’œ,momokadevi_0818
K i K i,kibao.kuo
è²|FAY|faysssta,faysssta
á„‹á…µá†¯á„€á…¡á†¨á„‰á…®|o.3cu,o.3cu
ğŸ–¤é«˜èŠ¸ğŸ–¤,gaoyun824
Bï¼Cï¼W - Bï¼â‚¬ï¼W|Bï¼Cï¼W| BCW,___bcw___
ğ•ƒğ•–ğ• ğ•Ÿğ•šğ•–ğŸ’›å¦®å¦®|nni0220,niii0220
è—è‡» Jane|lyjjjen,lyjjjen
å®®ç¾‹å©·|éƒ¡ä¸»|armani_5899|armani000123,armani_5899
å°ä¸­ç©¿æ­/é€ å‹/å½©å¦ğŸ’„,funky_minnie4
Djkozy-ç©ºç©º|djkozytw,djkozytw
BaÌrbara Akemi Katsuki,akemibkatsuki
èœœäºMIA|limia1231|Limia Jheng,limia1231
"é™³æ™¯ç…¬ Jumper|é™³æ™¯ç…¬,Chen ching-yang,jumper603",jumper603
å´©äº•|soulswell,soulswell
Eric,mystiquehomies
frannie0420|æé¦¥å®‰ ğŸğŸ–â€˜,frannie0420
TIBI WANG|tibi.wang|,tibi.wang
æ¥Šå¯¶æ¥¨ Christina,baozhenyang
B6é€Ÿå¯«ç”·,b6drawingman
é»ƒåœ“åª›Vivian,yuan_h0930
è”¡ è‰¾å€«|alanboom_uca,alanboom_uca
ğ—ğ—²ğ—¿ğ—¿ğ˜† å‚‘ç‘èªªæ—¥æ–‡|jerry.japanese,jerry_japanese
å“ˆå¦¹|chrissy_chou|ChrissyChou,chrissy_chou
ä¹™çƒ¯çš„è®€æ›¸å¸³|c2h4_study,c2h4_study
ä¸€å‡¡ Yifan,yiiiii50
-Niiiiiiiiiiiiiiiiiiiiiiico|sc.11369,niconini.11369
Vivian,vivian__227
è‘‰æ›¸å®|æ›¸å®å­¸é•·|miyatalk|lbr_home|è‘‰æ›¸å®&LBR|,lbr_home
å¨œäº›æ—¥æ–‡Â·å¨œå¨œå¨œå¡”éº—,natalie_iroiro
samaymini|Sammy|,sammymini_fit
Linda é›¶æ‰“|lindawuss,lindawuss
ã„“0,0530liu
æ°´å½©å’–å•¡å»³ - Eric Lin,cafewatercolor
Jennifer|å…¸è–‡|å…¸è–‡Jennifer|weiweijenjen,weiweijenjen
DingDong|å®å’š|dingdong161,dingdong161
ä¸€å¾· ç”°|ç”°ä¸€å¾·,edpopping
BetweenGos è·å ´æ‰å¥³|BetweenGos è·å ´å¥³å­é¢¨æ ¼èªŒ,betweengos
Michelleç±³ç±³|Michelle|ç±³ç±³|micmic12345,micmic12345
åœ°ç²¾ç‹ï¼ˆå°‘å®‰ï¼‰|åœ°ç²¾ç‹|å°‘å®‰|å°åœ°ç²¾,dreambreakerz_shaoanzha
Ely|ely_0814,ely_0814
æŸ”å‰|NiNi|hui__0619,hui__0619
Rainbow Alice å½©è™¹æ„›éº—çµ²|å½©è™¹æ„›éº—çµ²,rainbowalicee
æ›¼æ›¼|Arissa|hyunaman,hyunaman
VII&CO. SHOP Taichung|viiandco,viiandco
soè±¡|so.elephant,so.elephant
E|erol________1111|,erol________1111
sharon_mylife813â†µâ†µ|Sharon_ç­ç­,sharon_mylife813
i.am.yuci|Yuci|yucichuang,yucichuang
Tkå¥¶çˆ¸æ—¥è¨˜,t7088k
ğŸŸ33,_sandy_0130_
å¤šå¤šã„Ÿ|leafffff_life,dodoa_studio
Karren Kao|karren_kao|Karren's Photography,karren_kao
Yuvia Tsai|yuviaxtsay,yuviaxtsay
æ˜æ˜Ÿç…Œ|starmonarch,starmonarch
æ¥µç°¡å§å§ å·§ç‰,chiao_talk
å•Šæ‹‰è•¾ğŸ’‹,xing_0517
Ë—Ë‹Ëâ™¡Â²å°é­Ÿé­šğŸ«§,manta.lover__
NINE ORANGE|åŠç˜¦äºº NINE ORANGEæœé£¾é—†å¨˜,_______orange
ç±³æ©|charmian03,charmian03
Resa æš„æš„,resa_hsuan
é«˜å®¹èŠ,kaokao_064
CHRISTY,christyliu_109
Casper.True å¡æ–¯æŸ,casper.true
è³ºéŒ¢å°å®‡å®™|Jamie|choujamie168,choujamie168
shiba_daytrader|Shiba_Daytrader,shiba_daytrader
S V E N æ— å·³ é«˜,ssven.lin
å‚‘å°‘Jayï½œçŸ¥è­˜IPè®Šç¾æ“ç›¤æ‰‹,jay.newmedia
é™³å®‰çœŸ,harumu01
å¹£ä¿®å­¸åˆ†|bitssue_credit,bitssue_credit
ğ´ğ‘™ğ‘–ğ‘›ğ‘ æƒ³é€€ä¼‘çš„ğ‘‚ğ¿,savemoney4retirement
å°¼å…‹|S k Yå°¼å…‹niko516|sky_niko516,sky_niko516
æè‘£ä¸‹ç­å¾Œ,banker_udb_
æ—å¸«ç‘¤|Moon Lin|moonlin__________,moonlin__________
524.__,524.__
è©¹ç’‡ä¾|helloangelbaby1207|Angeline |ç’‡èŠ±å¦,helloangelbaby1207
IbizpDrama,ibizpdrama
ä¿éšªç†å·¥ç”· - Ken,insurance_storyy
æ›¾éƒå©·,win6699you
å‰å‰|ä½ çš„å‰å‰å…’|ivy5200630,luna5200630
TOYOTA|fhssssss,fhsssssss
æ©è|å®‰å¨œæ‹‰æ‹‰|Ensha|lalala.ya77,kkabc77_
è‰¾ç¶¸èªªğŸ¤“Alansays,alansays_
æ²›æ²›ä¸è² è²¬ä»»åˆ†äº«,moneyinallday
è‘†è‘†6.0,bo916s
å³å°ç‘œ,ellenwu_88
æ˜¥å“¥æŠ•è³‡æ—¥èªŒ|spring_invest,spring_invest
foodie_faaat|å“ˆå›‰æˆ‘æ˜¯å°è‚¥å–µğŸˆ,drink_faaat
æ—ºç¦ mami - å¤æ¬£ç‰|ç‘ªé¡|å¤æ¬£ç‰|Mami Ku|mamiqqq,mamiqqq
å—¨ï¼æˆ‘æ˜¯å¾®çµœï¼Œä¹Ÿæ˜¯å°ç¢©åª½åª½,jay1102
æª¸æª¸å‰¯å¸³2,ning_ning.0418
æŸšé¦™é­šå­é†¬çš„è¹¦è¹¦è·³è·³,foodieyuyu_
Hikarué¦™è¸|Hikaru|é¦™è¸,hikaru0412
ğ™´ğ™»ğ™´ğ™°ğ™½ğ™¾ğšğ™´â˜ºï¸ï¸,xxeleanore
CC|les.coco__,les.coco__
é™³å°šéƒShawnChen|shawn_chen1026,shawn_chen1026
ç¶¸ç¶¸é€™ä¸€å®¶,albee10230318
Mister Donut,misterdonut_taiwan
æˆ‘æ˜¯åœ“åœ“|yuyan.148|åœ“åœ“,yuyan.148
è¨±æ·‘å¹ƒ|Fada Mama|iamwei2,iamwei2
å°å—ç¾é£Ÿç“¦æ–¯æ¡¶å…¨å°èµ°é€é€|å°å—ç¾é£Ÿç“¦æ–¯æ¡¶|ç“¦æ–¯,tw_eating
é€±åˆŠå°‘å¹´ã‚°ãƒ«ãƒ¡ğŸ¦ç¾å‘³ã—ã„ã‚¢ã‚¤ã‚¹ã‚¯ãƒªãƒ¼ãƒ ã¨ã‹ã‚¹ã‚¤ãƒ¼ãƒ„ã¨ã‹,risingsunslive
èªè‘³â‹†ğ•›ğ•’ğ•ğ•ª â‹†,jalychen
Ericè‰¾æ—…å®¢  |  éŸ“åœ‹ç”Ÿæ´»èˆ‡ç¾é£Ÿ,ericlife_korea_foodie
Kyla|kyla_065,kyla_065
Nick|nickxiang33,nickxiang33
ç‹çœŸç³,truetrue.wang
åœˆåœˆ,chuan_0429
é»‘å•¤beer|å°ç£å§é»‘å•¤|é»‘å•¤ BEERU|beeru_tw,beeru_tw
å¸¸èŠ·,changchihrr
æ­¤åˆ» at the close,attheclose
æ¨‚å„ª,iloveuu0408
Jia Jia,_oo719
èŒèŒ â™¡,min.words
Ching Ting727|é–‹é‹å‘½ç†è«®è©¢å¸« é’å©·|chingting8|chingting123,chingting123
è”¡å©·è‚² Milly,milly0330
å¾æ³¯èƒ|çŠ’æ²ƒï½œæŠ–éŸ³æœå°‹ ç‹¼æ€§å°å¥¶ç‹—|coward223|coward0223|ç‹¼æ€§å°å¥¶ç‹—|,coward__hsu
å‰å‰|ä½ çš„å‰å‰å…’|ivy5200630,luna5200630
æ—æ¶µ,_yunabb
è‘£å®œçŠ|è‘£çŠçŠ|Celia,celia090203
æ¨‚äº  ğŸ„»ğŸ„¾ğŸ……ğŸ„´ğŸ…ˆğŸ„°ğŸ’ èŠ­æ¯”æ¨‚äº å‰µè¾¦äºº,loveya_0711bb
Andy Wei|sunboy1126,sunboy1126
ä¸æ˜¥èª |Sphinx Ting|ä¸æ˜¥èª Sphinx Ting,sphinx_ting
WuNaå·«å¨œ|woowuna| å·«å¨œ|WuNa,woowuna
çš®á¥«á©£,_o150_
ç‘€å¿ƒï½œivy|ivy__66666666666666666666,ivy__66666666666666666666
ç›§è‚²æ˜,jackal228
fortune_tw,fortune_tw
ğš‚ğš’ ğšƒğšŠ|20_lorraine,20_lorraine
ç‹é¨´ä¹‹|å·§å·§|nnia49,nnia49
æ¥Šçš“å´´ LEO|leoyanghaowei,leoyanghaowei
é™³æ˜ è¥²ï¼ˆé™³ç”œç”œ,vrrv246
æ¥Šæ•¬æ•|é˜¿ç¾æˆ°å£«|é˜¿ç¾æˆ°å£«~æ¥Šæ•¬æ•,amigo_1113
,woo_55
ğŸ•‰ èŠ±è‡å¡”ç¾… /å¥³å·«/è‡æ˜Ÿæ—YTé »é“|d.o.k.my,d.o.k.my
å†°å±±|______158cm38kg|,____158cm38kg
ç…å­ç‹è¾›å·´,wangnew8
è²çˆ¾ç†Šæ´¾|bear_hsiungpie,bear_hsiungpie
åœ¨ä¸‹ç±³å¦ƒï¼Œæœ‰ä½•è²´å¹²|ç±³å¦ƒ|å·æ¯”é†¬Tobikawaii|tobikawaii|å·æ¯”|tobi,tobikawaii
å³å°ç™½çš„ä¼è‚†å|wukenta|Wu Kenta,wukenta
ç•™å­¸é›–äºº Jeff,ca.poorguy
ç›§å³»ç¿”|ç’åœ’ ç›§å³»ç¿”69|small69cookie,small69cookie
THE ç…é¤ƒ,jianjiao.8787
å¼µè±è±ª| Michael|å¼µè±è±ª Michael,michael_fonghao
zoeyxx99,zoeyxx99
çŸ¥çŸ¥|__153qq,__153qq
æ¬£å…’ğŸ¤,stitch_10.15
å¾·å‡± ç‹,leeee61202leeee
xiraniris,xiraniris
Misaç±³ç ‚|misa_7260,misa_7260
TommyChen|chen810830,chen810830
å¨ƒå¨ƒwawa|wawa.1223,wawa.163
å¯¦æ³ä¸»è±†è±†|è±†å­|è±†è±†åœ¨é€™è£¡|1996.722,1996.722
Sç·¨çš„é¢¨æ ¼æ€ç¶­åœˆ|s.style.cycle,s.style.cycle
åç’ƒ2.0,mingli2.0
æ‹‰æ‹‰|å¼µæ™´|lalachingchang,ching3.___.9
è›‡è›‡|SwordArt|èƒ¡ç¢©å‚‘,swordart_777
MAD Kawhi,kawhi_0704
ãŠã²ã‘ã‚™ã®ãƒ›ã‚šãƒ³ã€èƒ¡å­ç¢°ç¢°ã€‘,ohigenopon
è€é«˜èˆ‡å°èŒ‰ Mr & Mrs Gao|KUAIZERO,mr.and.mrs.gao
Jay Lee Painting |Jay Lee æ°´å½©ç•«/ìˆ˜ì±„í™”|JayArtPainting|jayartpainting,jayleepainting
Ellené‹¼éµè‰¾|é‹¼éµè‰¾|Ellen|imaaaaax90,imaaaaax90
ç¾å§¬|magi0225|rotsukhoon|å§¬å“¥,rotsukhoon
å–ªå±è€çˆ¸|walkerdad1228,walkerdad1228
Nyonyotvå¦å¦ï¼´ï¼¶| Nyonyo,nyonyotv
è¶…ç²’æ–¹|åŠ é»å‰æ‹¿æ£’|ç²’æ–¹ä¸æ’é›»,tesscube
è‡ºç£å§|Taiwan Bar|taiwan_bar,taiwan_bar
ä¸­æŒ‡é€š,fingermaster56
Misså¸ƒä¸,likecyndi
å¤å…¸å¥½å¥½è½  Classicalmusic to go|yuchih1972,yuchih1972
Counter656|counter656Toys|John Huang,counter656
ä¸‰å€‹å­—SunGuts|pt_sunguts,pt_sunguts
TEEPR å­å•¦å­å•¦ç ”ç©¶å®¤|balabala_lab,balabala_lab
å¥‡æ€ªä»™äººæŒ Odd Cactus YouTube|Odd Cactus|oddcactusyoutube|,oddcactusyoutube
éå‹•èˆå§¬-æ–¹å°å‰|æ–¹å°å‰|where_1022|where1022|,where_1022
Harlem Yu åº¾æ¾„æ…¶|åº¾æ¾„æ…¶,harlemyu_1986
ç”œå¿ƒQåŒ |QQ|minipuqqq,minipu1026
é»ƒç‘½å¯§é†«å¸«å¥åº·è¬›å ‚|é»ƒç‘½å¯§,zoning12huang
Psyman å¡é–€|psymantalk|psyman_zz,psyman_zz
èŠ³å°å¦‚|sandy_5280,sandy_5280
æ–‡æ£®èªªæ›¸|vincent_reading,vincent_reading
å°ç£å¤§èƒƒç‹ä¸ä¸,dingding_eating
æ½˜è‹¥è¿ª|Funky Dance|æ½˜è‹¥è¿ª Eddie Pan|funkydance_pan,funkydance_pan
å¨å»‰æ²ˆæ²ˆç‰ç³|williamshen1224|æ²ˆç‰ç³çš„å¾¡ç³è»,williamshen1224
OpenLady|openlady.tw,openlady.tw
å¥ç¾äººç”ŸKæ•™ç·´|k_baby666,k_baby666
å®‹é”æ°‘å’Œæ´ªç™¾æ¦•æ„›çš„ç²‰åœ’,sungsfamilyloveland
 Jane_å°‘å°‘|å°‘å°‘ æœå°‘æ¦›,jane.duu.88
äºå°æ–‡|æ—äºæ–‡|äºå°æ–‡-ç²‰çµ²å¾Œæ´æœƒ|Corrine Lin,corrinelin0727
superpunk27|ä½©ä½© æ|I'M æä½©ä½© PENNY,superpunk27
ç¶­å¨œ-æè±verna|ç¶­å¨œ|æè±|verna,verna88899
Dr. Grace,itsdrgrace
Ann|æ±Ÿå®‰å®‰|å®‰å®‰|Ann Jiang,ann_ouo
"å¤äºå–¬(å–¬å–¬)|å¤äºå–¬,å–¬å–¬,chiaochiao_hsia",chiaochiao_hsia
é˜®è“|Nana|tan.na_2862,tan.na_2862
Liana|å¦é»|è—œå…’|lianabubu,lianabubu
SweeSaæ°´è|sweesatw,sweesatw
ç—˜ç–¤é†«ç”Ÿ - èŠç›ˆå½¥é†«å¸«|èŠç›ˆå½¥|ç—˜ç–¤å¥³ç‹ èŠç›ˆå½¥|dr.acne_scar_queen|ç¾ä¸Šç¾çš®è†šç§‘è¨ºæ‰€,dr.acne_scar_queen
Dr. Ivan 6|Dr. Ivan 6 ç”¨ç§‘å­¸ç ”ç©¶ç¾å­¸,dr.ivan6
HuHu æ—å°¹æŸ”|å‘¼å‘¼,huhu.darling
å®‹è˜‹æ©|Sabrina,yin_sabrina
æ¨‚æ¨‚èˆ‡æ¨‚åª½çš„æ‚„æ‚„è©±|æ¨‚æ¨‚|æ¨‚åª½|è¬èªæ©|æ¨‚æ¨‚å°å…¬ä¸»|vivian_vs_lucia,vivian_vs_lucia
è±è±|æœ¨å­è±|æœ¨å­ã€‚è±,mz1219
è‹±æ‰¿æ™ Chance,chance_1228
å¯å¯é…’ç²¾,cocowine0205
Halo-Mavisåœ‹éš›é€£ç·š|halo_mavis,halo_mavis
check2check,check2checkc2c
å®‹ç±³ç§¦Emily|ì†¡ë¯¸ì§„,song_miqin
åå·®å¥³ç¥æ¶µæ¶µå…’|hannah092181,hannah092181
Goè»ŠèªŒ å˜‰å‰,william_buycartv
é™³æ£®ç”° Morita Chen|Mori Mori|ëª¨ ë¦¬ íƒ€|morita_chen|,morita_chen
æˆ‘å°±å«æ‹”è˜¿è””é˜¿,radish.tw
äº”ååµå¹¸å­ Sachiko æ’’é†¬|äº”ååµå¹¸å­|æ’’é†¬xæ—¥åˆSachiko's FirstDay|äº”ååµå¹¸å­,sachikol.0x0.l
tz18400|é ˆç±³Shimy|,tz18400
æ¢¨åˆ Liyo|liyo_1024,liyo_1024
è‡ºç£å°è§’è½ï¼ˆJ.H.Yeï¼‰|j_h_ye,j_h_ye
ä¸ƒæ°µè³´ã‚†ã†ã“|yuuko_1124,nnsnwu_
é˜¿ä¸æ‹‰-è»Šç”¨å“è·äºº|é˜¿ä¸æ‹‰Abura,94abura
è¬äºæ™´,sunny89.04.03
èŒ¶èŒ¶,teatea0317
ä¾¯ç²|å…¸å‹æ°´ç“¶ å¥³|ig_a223315a223315|a223315a223315,a223315a223315
Joe Ciou,joeciou
æèŒµèŒµ,lrac5431lrac
Peiyun Yang,peiyun1212
é»å…’,sexy_lier_2.0
Oscar ykfor,ykfor
ææ…ˆèŒ¹|ciruyuyan|,ciruyuyan
é™³ç¶­é½¡|wei_ling1975,wei_ling1975
é»å®‰|Lilian|pearan.ig,hi.pearan
00|leeyu_199,leeyu__199
ç™½ç™½|JESSIE|jessie_09_24,yun.n_0
ANST|anst.tw,anst.tw
Kimberlyçš„ç†±è¡€äººç”Ÿ|Kimberly Chen,kimberly_wakesurfer
æä¾‘çœŸ,yuchen.mua
Ching Hsiang-éœé¦™|Ching Hsiang|éœé¦™,loveu_3913
å­£ å¤,_luna610
å¯…ä»™|lulumi_87,lulumi_87
ç‘œè»’|yuxx.uana,yuxx.uana
å¼µå˜»å˜»|qoomom940,qoomom940
DaphneåŠ‰å€©å¦|daphnelaven|Daphne Low,daphnelaven
è¨±åšç¶­Superway|superway.tw|åšç¶­|è¨±åšç¶­,superway.tw
æœˆäº®å§å§-æ²ˆä½©å„€|æ²ˆæœˆäº®|è““è““|æ²ˆä½©å„€,peipei619
å‡å‡äººå¾ˆå¥½|god_0915,god_0915
å­«å­«åº­,tinasun110
å‹‰å¼·å¥³å­å‹‰å¼·ä¸­|studyismypower_tw|,lauren_on_the_way
è¼•é¬†æ—©å®‰JoanneğŸ°,relaxmorning
Blossomhours èŠ±æ™‚ | èŠ±è—è¨­è¨ˆ,blossomhours
ç§€ç§€è€å¸«|sy292002|Showâ€™s Showç§€ç§€è€å¸«,show630_
Lady'sèˆåœ˜,lady.s_official
æ²³ç«¥å…ˆæ£®|Mr.Kapa,pcklt.kapa
M o e â€˜ s   B e a u t y,moesbeauty
å¤§J æè‚²è‡»|jnf543|å¤§ J|ä¸»æŒäºº-å¤§J|ä¸»æŒäººå¤§J|,jnf543
å¿µå¿µ|Zoe|zoe08292002,zoe08292002
Eric Liu| ericliu0986,ericliu0986
å¾æ„·ä¼¶|æ¨‚æ¨‚|æ„·ä¼¶,kai_ling0614
æ•˜æ€èŠ±è—SUÌˆSS Floral Design,sussflora
è”¡æ–‡èª |miu_pinky_donut,miu_pinky_donut
èªéŒ„åˆ†äº«,yu_cai1122
æ£—ç¶º,a.k.a_syouki
"é­¯èŠå–„|RHO JI SUN,ë…¸ë£¨ëª¨ì°Œì˜ ì‘ì€ ë°© ëŒ€ë§Œvlog|norumocci|é­¯è‚‰é£¯çš„å°ç£æ—¥å­",norumocci
æ‹‰æ‹‰|lala_yi1202|,lala_yi1202
ğŸ‘‘ç•¶è‡ªå·±çš„å…¬ä¸» minaâ™¥ï¸,nm141319
ç¾å¾·æ£®ç”Ÿé†«-å·—å“¥ï¼ˆEddie)ç¶“ç†,1111___lin
è•­äº‘|qq.hsiao|,qq.hsiao
Bryan Wang,bryan_wang666
å¼µå¤©ä½‘,tianyo0802
å°è± A L B E E ğŸŒº,albee_albee_albee
Shopping Master|supershoppingmaster,winniefox
ææ¬£åº­|isteenlee,isteenlee
é™³ä¼½å®‰|kuanbabysly,ababbabyswl
ç‘œç‘œyuyu|ç‘œç‘œ|yuyu|å°ç‘œå…’|tea1117|å©­å©­ å°ä»™å¥³,tea1117
å¼µå¸Œç·|pretty_my1181,prettypenny_14951
å°ä¸­ä¸‰å‚»,ourinterest.handwriting
ğ‰ğ¢ğ ğ‰ğ¢ğ âˆå¼µå€¢å©• ğŸ¥€,pipi16888
,janea222216
å¾å‰å“²|st955107|st955107,eddie_suit0619
å³æ—|lin.0329,lin.0329
ğŸ€é­å°ç“œGuağŸ‰èº«å¿ƒéˆé–‹é‹ğŸŒDIFFER â„¢,gua0816
æ™¨å®‰,o12__19
æ¥Šå¹€æƒ |çœŸæœƒ|1117afv,1117_bea
æœ¨æœ¨è€å¸«|josefina0503,josefina0503
Tim Wu|timwu1207,timwu1207
è²ªåƒé¬¼ä¸€å®¶|FollowMuMu|æ–°ç«¹ç¾é£Ÿ/è¦ªå­/å•†æ¥­æ”å½±è²ªåƒé¬¼ä¸€å®¶|thisismumu|,thisismumu.tw
æ—æ™´SunnyğŸŒ»,linsisun
haungwilly|é»ƒæ–‡åŠ›ğŸ”å¸å¯Œåœ˜éšŠå‰µå§‹äººğŸ¥‡DIFFER,haungwilly
å‡å‡â™¡,nn__6626
æ°´æœ¨ç›®æ˜¯Ruby|é™³æ¹˜å®œ|Ruby Chen|æ°´æœ¨ç›®,socrazyruby
è¼è¼ã€é«®ç¶²è¼è¼,choco_bless_
å°è«â™¡,cc_o615
Patrick|astrologer.patrick,astrologer.patrick
alice L|aliceshanlitw,aliceshanlitw
,um_korea
á„‰á…¡á†·á„‹á…µá„‰á…¡ 324åƒè²³è‚† ğŸŒ™ é•·é§éŸ“åœ‹,324.tw
Canyne Khai,canynekhai
L.M,littlemy915
æ½‘è¾£é–¨èœœé˜¿è©²|plgm_0827,plgm_0827
â˜¾ ğ˜ğ— ğ¬ğ­ğ®ğğ¢ğ¨ğ­ğ° ï½œá„‹á…ªá„‹á…µá„‹á…¦á†¨á„‰á…³,yx.studiotw
Tienå°å¤©|å°å¤©| Tien|chiyueyin,chiyueyin
Huadabii|èŠ±å¤§é¼»å°æ–‡é’,huadabii0610
UNIQUES,uniques_girl
"DB. PARTY|db.party

",db.party
BLUE ORANGE HOMME|blueorangehomme,blueorangedaily
Finger House|hellofinger,hellofinger
sarah|sarah0602_,sarah0602_
èŠ±ç°ç°,yellow_grey_shop
HWç«¥è¶£|hw_baby_,hw_baby_
ä»™å¥³ä¸¸|æ½˜æ²›é¨|pei.pan1,pei.pan1
John|rebornagain1122,rebornagain1122
Sheena ãƒŠãƒŠ|sheenakuo,sheenakuo
sÊœá´‡ sÊœá´á´˜,sheshop.tw
ä»€éº¼é³¥|whatbird.tw,nanitori
YSHOP|yyshopx,yyshopx
GOLDCOAST JEWELRY,goldcoast_tw
Qå–µçš„å°å€‹ç©¿æ­|QBSdress|Qå–µ|znhcat|Qå–µèˆ‡å°å¹«æ‰‹|,znhcat
love99disney|,love99disney
ğ’©ğ‘’ğ“‚ğ‘œ ğ¹ğ’¾ğ“‰ğ“ƒğ‘’ğ“ˆğ“ˆ,n.y__81
Rebecca An,rebeccalin1028
CYGNUSX_2719,wes_2719
é™³æ˜±ç‘|ray841222,ray841222
é„­æ™¯æ–‡|chingwen0925,chingwen0925
è—æ°æ—…éŠç­†è¨˜|è—å¿ƒå¦¤ | è—æ°æ—…éŠç­†è¨˜|_blue_travel|è—å¿ƒå¦¤|,_blue_travel
è¬å˜‰å…¨|å¤ªé™½ä¹‹å­Carlos|xiecarlos,xiecarlos
Black river inkâ€¢ é»‘å·åˆºé’æ‰€ â€¢ M.,mmiko1133_tattoo
ç™½|julian_11.16,julian_11.16
IFBB PRO ï½œALAN TONG ï½œğŸ‡­ğŸ‡°,alantong_ifbbpro
Chuck Lee,chuckleedesign
Chris|chrisphotoxd,chrisphotoxd
DonğŸ¼é˜¿ç•¶|tsai_don,tsai_don
ç§€ å…’,fion.0729
peach.vv,peach.vv
e_zzs,e_zzs
è³´ç‘,larry_physio
justinein|Justine,justinein
è¶™ç£Š|ray4004,ray4004
175969342|å®‰å¦®|å®‹å®‰å¦®|7859453ann,annie00923
Jade Tsai|jade__tsai|è”¡æ½”å¾·,jade__tsai
ç«¥ğŸ…£ğŸ…ğŸ…ğŸ…–,_____t.o.n.g_
æ³¢æ³¢,bobo__waterman
BABU,babu__tw
Evelyn å°¹ç†|å¼µå°¹ç†|EvelynChang,evelynychang
Paul Wu æ•¸ä½è¡ŒéŠ·ï½œå»£å‘ŠæŠ•æ”¾ï½œé›»å•†ï½œè‡ªæˆ‘æˆé•·|paull.wuu,paull.wuu
å¯äºº|kkkuniko816|uniko816|å¯äººå°æ ¼æ ¼|,kkkuniko816
è‹±|ying850110,ying850110
Viki|ç§˜å¯†å¥³å­©Viki|Viki Yang|viki_fuyu,viki_fuyu
ChloeSelectç¾åœ‹ä»£è³¼|chloe_select9,chloe_select9
HAHAå‰,hahaji.5689
æ—¥å¸¸ç™½å™ªéŸ³|dailyw_noise,dailyw_noise
å“ˆé›·èœœ Haremi|iamharemi|Yo! I am Haremi å“ˆé›·èœœ|,iamharemi
Chen Ni|b_85731,b_85731
å‹•éœå°ç„¡ï¼ˆå³ä¿¡ç’‹ï¼‰|dongin_wu,dongin_wu
èˆœèˆœå®‰ä»”|an991013,an991013
è‰¾èŠ®å…’|Ariel|Ariel's wonderland,ariel_9251
ggermyu|Greedygerm_yu,x_xfellows
SALUT x é¸å“,salut__life
ç‹å­è¯|King|king8.tw,king8tw
AP_ride_ç£å¸æ‰‹æ©Ÿæ¶å°ˆæ¥­è£½é€ å•†åˆ†äº«ç²‰çµ²åœ˜,ap_ride.46
AngelaHsun,angelahsia
å°ç†Š|linbar.sx,linbar.sx
ğğ”ğˆğğŸŒ™,quin_1011
tumaiyoga,tumaiyoga
Hao|cccheng_,cccheng_
BENNY|benny_850111,liyun_chih
ğŸ‡¹ğŸ‡¼|zxc00565,zxc00565
äº®äº®â—¡Ìˆ è‚²å…’ç”Ÿæ´»,qqder0913
æ—è»’,sooeoom
ç’¿ç’¿ ğ™ƒğ™¨ğ™ªğ™–ğ™£,010.www
WeiğŸ’«,11.13.wu
FlON LEE,fion777
æº«æœ‰è“®ğŸŒ¸,youlian0215
ç®® ï½œä½ ã®é†«ç¾è«®è©¢å¸«â™¡ï¸,hsuan14_
Kira|kkkiiiraa,kkkiiiraa
fish.|08fish,08fish
é˜¿é¦–,jeongin.zip
ğ‘¯ğ’‚ğ’,kalhancc
æª¸æª¬ğŸ‹,__helen0531_
yukari ãƒ¦ã‚«ãƒª è¿ç©|yukari_ying,yukari_ying
Ivoà½¼ry Du,ivorydu
å³æ²‚ç‘¾ Leona|å³æ²‚|leona30may|,leona_haru
æ¹˜å©·â‚á¢..á¢â‚â™¡,xiangting_06
R|r.chelle18x,r.chelle18x
å³è‡³æŸ”|DebbieæŸ”|rou_327,debb.wu
æ¯›|newt.uniq,newt.uniq
